Embedding,Isolated labels,KMeans NMI,KMeans ARI,Silhouette label,cLISI,Silhouette batch,iLISI,KBET,Graph connectivity,PCR comparison,Batch correction,Bio conservation,Total
X_scANVI,0.7988928546773812,1.0000000000000002,0.9999999999999999,0.9999999999999998,1.0,0.8198029773118836,1.0,0.9999999999999998,1.0,1.0,0.9639605954623767,0.9597785709354761,0.9614513807462364
X_scVI,0.4663420234476985,0.7573571948170129,0.6946975110274947,0.8051773475869781,0.6513099965959368,1.0,0.9653405947533481,0.8828981975514587,0.851746864262239,0.9718779010207415,0.9343727115175575,0.6749768146950241,0.7787351734240375
X_pca,1.0,0.0,0.0,0.0,0.0,0.5246838271458412,0.2779843511239902,0.65621300395333,0.3543672046489599,0.0,0.3626496773744242,0.2,0.2650598709497697
umap_uncorrected,0.0,0.02605604468419511,0.020156766698087754,0.6212487646447136,0.006718105828510623,0.0,0.0,0.0,0.0,0.6951164695142934,0.13902329390285867,0.13483593637110142,0.13651087938380432
Metric Type,Bio conservation,Bio conservation,Bio conservation,Bio conservation,Bio conservation,Batch correction,Batch correction,Batch correction,Batch correction,Batch correction,Aggregate score,Aggregate score,Aggregate score
