Embedding,Isolated labels,KMeans NMI,KMeans ARI,Silhouette label,cLISI,Silhouette batch,iLISI,KBET,Graph connectivity,PCR comparison,Batch correction,Bio conservation,Total
X_scANVI,1.0,1.0000000000000002,1.0,1.0,1.0,0.9111664344388846,1.0,0.9999999999999999,1.0,0.953586536233764,0.9729505941345297,1.0,0.9891802376538119
X_scVI,0.8398702391782757,0.5454987029476522,0.4291438174018328,0.5411302525607393,0.668203773900558,1.0,0.9747974143893903,0.9363182189511806,0.933087218613246,1.0,0.9688405703907634,0.6047693571978117,0.7503978424749924
X_pca,0.0,0.0,0.0,0.0,0.0,0.6143787630877551,0.0815199359624546,0.32198123130728334,0.5354503625395279,0.0,0.3106660585794042,0.0,0.1242664234317617
umap_uncorrected,0.9252433416815533,0.0861917433974764,0.0919524837954467,0.14702115626024082,0.019160991248517334,0.0,0.0,0.0,0.0,0.5189093155280299,0.10378186310560597,0.25391394327664696,0.19386111120823055
Metric Type,Bio conservation,Bio conservation,Bio conservation,Bio conservation,Bio conservation,Batch correction,Batch correction,Batch correction,Batch correction,Batch correction,Aggregate score,Aggregate score,Aggregate score
