Embedding,Isolated labels,KMeans NMI,KMeans ARI,Silhouette label,cLISI,BRAS,iLISI,KBET,Graph connectivity,PCR comparison,Batch correction,Bio conservation,Total
X_scANVI,0.78366923,0.6936123550807438,0.2645391497124992,0.55825686,0.99982375,0.6783582,0.014178848,0.49273577195288915,0.7509809380221532,0,0.3872507558591442,0.6599802494049072,0.550888451986602
X_umap,0.9602871,0.6881512778787743,0.21946050807578815,0.5373047,0.9995341,0.3752336,0.029449586,0.4319364869148514,0.6108964675239305,0,0.28950322542831425,0.6809475421905518,0.5243698154856568
X_scVI,0.7804765,0.5934886418481742,0.17073631211101983,0.5089102,0.99688816,0.6592659,0.011974302,0.42253489706915304,0.6440045543430439,0,0.3475559204681388,0.610099983215332,0.5050823581164547
X_pca,0.8065853,0.1884979249501215,0.08041817247332558,0.27977395,0.99169993,0.3897536,0.005034961,0.20115759202580832,0.3514832411916743,0.0,0.1894858792937956,0.4693950653076172,0.3574313909020886
Metric Type,Bio conservation,Bio conservation,Bio conservation,Bio conservation,Bio conservation,Batch correction,Batch correction,Batch correction,Batch correction,Batch correction,Aggregate score,Aggregate score,Aggregate score
