Embedding,Isolated labels,KMeans NMI,KMeans ARI,Silhouette label,cLISI,Silhouette batch,iLISI,KBET,Graph connectivity,PCR comparison,Batch correction,Bio conservation,Total
X_scANVI,0.7847534438936119,1.0,1.0,1.0,1.0,0.7984322445676069,0.9117697347941295,0.6143848641089136,1.0,0.9447876791158275,0.8538749045172954,0.9569506887787224,0.9157203750741516
X_scVI,0.7610149163628115,0.647088283128382,0.6104219408201487,0.9222107876834005,0.5470299552232163,1.0000000000000002,0.9999999999999999,1.0,0.8228107399290723,1.0,0.9645621479858144,0.6975531766435917,0.8043567651804808
X_pca,0.0,0.0,0.0,0.0,0.1373185255720255,0.3671536003366458,0.0,0.5068781535683252,0.14854047058641023,0.0,0.20451444489827625,0.0274637051144051,0.09828400102795357
umap_uncorrected,1.0,0.039227265155122974,0.1024598785385429,0.4405409534469389,0.0,0.0,0.1259380148661064,0.0,0.0,0.12477395065929717,0.05014239310508071,0.31644561942812094,0.20992432889890483
Metric Type,Bio conservation,Bio conservation,Bio conservation,Bio conservation,Bio conservation,Batch correction,Batch correction,Batch correction,Batch correction,Batch correction,Aggregate score,Aggregate score,Aggregate score
