Embedding,Isolated labels,KMeans NMI,KMeans ARI,Silhouette label,cLISI,Silhouette batch,iLISI,KBET,Graph connectivity,PCR comparison,Batch correction,Bio conservation,Total
X_scANVI,1.0,1.0,1.0000000000000002,1.0000000000000002,1.0,0.8937533488639355,0.9117697347941295,0.8148145723467959,1.0,0.9447876791158275,0.9130250670241378,1.0,0.9652100268096551
X_scVI,0.9104693119859899,0.6181941652253387,0.5625959555271467,0.9189533677644055,0.5470930803794367,0.9999999999999998,0.9999999999999999,1.0,0.9043164516109863,1.0,0.9808632903221971,0.7114611761764635,0.819222021834757
X_pca,0.0,0.0,0.0,0.0,0.15091793229434103,0.42510102869626043,0.0,0.3806700577767459,0.3330375626854154,0.0,0.22776172983168436,0.030183586458868206,0.10921484380799466
umap_uncorrected,0.11407443059334854,0.009537087728385824,0.06617266219074346,0.3016148196046786,0.0,0.0,0.1259380148661064,0.0,0.0,0.12477395065929717,0.05014239310508071,0.09827980002343129,0.07902483725609105
Metric Type,Bio conservation,Bio conservation,Bio conservation,Bio conservation,Bio conservation,Batch correction,Batch correction,Batch correction,Batch correction,Batch correction,Aggregate score,Aggregate score,Aggregate score
