Embedding,Isolated labels,KMeans NMI,KMeans ARI,Silhouette label,cLISI,Silhouette batch,iLISI,KBET,Graph connectivity,PCR comparison,Batch correction,Bio conservation,Total
X_scANVI,0.020979981405360615,0.9999999999999999,0.9999999999999999,0.9999999999999998,1.0,0.8719823630625141,0.9019984936500363,0.9595468987257464,0.9999999999999999,0.8352754877853257,0.9137606486447245,0.8041959962810721,0.848021857226533
X_scVI,0.0,0.6994783230394103,0.4957697318758151,0.895582172181608,0.5273277307617903,1.0000000000000002,1.0,1.0,0.9834275713768149,1.0,0.996685514275363,0.5236315915717247,0.71285316065318
X_pca,0.1671781639095511,0.0,0.04464624131989048,0.20990946009669154,0.0,0.6972085122189686,0.0,0.5081552467475668,0.24012838579476903,0.0,0.2890984289522609,0.08434677306522662,0.16624743542004033
umap_uncorrected,1.0,0.1717870874242834,0.0,0.0,0.03147485394867999,0.0,0.036232027157616975,0.0,0.0,0.8495379234442294,0.17715399012036928,0.2406523882745927,0.21525302901290333
Metric Type,Bio conservation,Bio conservation,Bio conservation,Bio conservation,Bio conservation,Batch correction,Batch correction,Batch correction,Batch correction,Batch correction,Aggregate score,Aggregate score,Aggregate score
